1857.4,4111.48,NA,20,Atp6v0e2
1818.44,3963.36,NA,20,Pclo
1775.24,4188.84,NA,20,Srrm1
1929.04,4223.88,NA,20,Mapk8ip3
1822.6,4093.88,NA,20,Csnk2a1
1878,4125.28,NA,20,Cdc40
1927.88,4156.44,NA,20,Cadm3
1895.8,3946.84,NA,20,Mast3
1893.96,4178.48,NA,20,Mast3
1733.12,4222.32,NA,20,Icam5
1720.96,4164.24,NA,20,Ntrk3
1921.88,4130.56,NA,20,Rangap1
1820.68,3962.2,NA,20,Adora1
1898.44,4216.8,NA,20,Reps2
1816.28,4103.2,NA,20,Add2
1785.92,4254.52,NA,20,Add2
1903.68,4045.28,NA,20,Npepps
1862.16,4265.56,NA,20,Zfp365
1877.6,4168.44,NA,20,Sipa1l1
1962.68,4150,NA,20,Sipa1l1
1843.08,4121.2,NA,20,Napa
1768.92,4080.84,NA,20,Dnajc5
1815,4266.68,NA,20,Macf1
1967.36,4154.56,NA,20,Macf1
2021.6,4010.08,NA,20,Kif5a
1973.52,4149.48,NA,20,Kif5a
1891.04,4063.08,NA,20,Kif5a
1930.04,4206.24,NA,20,Herc2
1829.32,4088.48,NA,20,Grin1
1835.96,4255.28,NA,20,Grin1
1749.96,4077.24,NA,20,Grin1
1791.8,4250.48,NA,20,Grin1
1862.96,4135.76,NA,20,Kcnq2
1939.28,4156.28,NA,20,Kcnq2
1972.92,4142.04,NA,20,Prickle2
1815.08,4268.84,NA,20,Atp8a1
1942.48,4195,NA,20,Cdip1
1730.2,4074.8,NA,20,Prrc2b
1827.76,4097.72,NA,20,Prrc2b
1746.6,4111.36,NA,20,Prrc2b
1801.92,4086.52,NA,20,Prrc2b
1869.24,4253.48,NA,20,Eef1a2
1923.8,4176.24,NA,20,Eef1a2
1868.36,4060.84,NA,20,Eef1a2
1868.32,4134.84,NA,20,Eef1a2
1887.04,4144.48,NA,20,Eef1a2
1873.32,4073.48,NA,20,Eef1a2
1871.84,4252.4,NA,20,Eef1a2
1907,4177.32,NA,20,Pum1
2003.28,4033.56,NA,20,Pum1
1662.24,4147.12,NA,20,R3hdm4
1846.88,4213.4,NA,20,R3hdm4
1865.52,4246.28,NA,20,R3hdm4
1880.72,4061.96,NA,20,Dlgap4
1751.28,4077.04,NA,20,Hars
1891.48,4065.32,NA,20,Cttn
1770.08,4097.56,NA,20,Cttn
1694.08,4182.16,NA,20,Slc17a7
1874.4,4105.56,NA,20,Slc17a7
1759.24,4176.16,NA,20,Slc17a7
1744.72,4072.16,NA,20,Slc17a7
1848.6,4105.36,NA,20,Slc17a7
1890.36,4242.76,NA,20,Lynx1
1951.6,4151.56,NA,20,Unc13a
1932.16,4155.08,NA,20,Ankrd17
1815.84,4077.92,NA,20,Kif3c
1913.16,4202.68,NA,20,Glg1
1851.8,4116.72,NA,20,Glg1
1803.48,3974.4,NA,20,Tspyl1
1853.48,4107.04,NA,20,Tspyl1
1935.2,4194.6,NA,20,Atp1a1
1934.4,4197.24,NA,20,Wdr7
1889.8,4167.88,NA,20,Wdr7
1846.32,4098.52,NA,20,Brd3
1776.04,4188.84,NA,20,Nefm
1861.44,4087.88,NA,20,Zer1
1880.72,4163.92,NA,20,Prkaca
1856.4,4134.36,NA,20,Prkaca
1914.48,4179.28,NA,20,Fam81a
1922.08,4196.6,NA,20,Cdk5
1876.92,3901.08,NA,20,Ildr2
1852.2,4196.48,NA,20,Ylpm1
1779.68,4017.2,NA,20,Ylpm1
1905.16,4191.16,NA,20,Clip3
1774.92,4011.92,NA,20,Plekhg5
1808.44,4072.12,NA,20,Nmt2
1876.36,4166.88,NA,20,Brd4
2002.4,4019.4,NA,20,Brd4
1784.16,4238.88,NA,20,Rab18
1978.72,3984.08,NA,20,Glyr1
1811.76,4195.52,NA,20,Snph
1870.52,3917.12,NA,20,Tef
1885.04,4056.04,NA,20,Arhgap32
1901.6,4209.4,NA,20,Arhgap32
1882.4,4168.72,NA,20,Arhgap32
1944.84,4183.72,NA,20,Cab39
1839.12,4073.2,NA,20,Cab39
1909.64,4103.44,NA,20,Gas7
1780.04,4205,NA,20,Gas7
1913.4,4168.96,NA,20,Mapk8
1845.16,3952.96,NA,20,Pgbd5
1897.92,4239.8,NA,20,Gps1
1814.96,4061.84,NA,20,Rgs2
1911.24,3900.12,NA,20,Tub
1931.76,4107.92,NA,20,Mfn2
1644.68,4107.32,NA,20,Dcaf7
1657.2,4142.12,NA,20,Dctn1
1762.4,4230.44,NA,20,Dctn1
1902.36,4150.88,NA,20,Homer2
1881.12,4154.68,NA,20,Psmd8
1972.16,3989.8,NA,20,Psmd8
1916.16,4180.04,NA,20,Tiprl
1909,4244,NA,20,Dpp6
1968.36,4000.96,NA,20,Bet1l
1849.52,4068.6,NA,20,Ccar1
2015.52,4028.16,NA,20,Ccar1
1834.56,4094.72,NA,20,Eif4g1
1995.28,4012.72,NA,20,Eif4g1
1885.84,3903.12,NA,20,Rab15
1883.32,4118.2,NA,20,Rab15
1910.76,4225.76,NA,20,Rab15
1844.56,4121.12,NA,20,Mrpl11
1988.24,3978.24,NA,20,Cops8
1768.4,4212.08,NA,20,Man2a2
1909.76,4165.12,NA,20,Fyn
1906.04,4145.4,NA,20,Dcaf12l1
1930.08,4178.84,NA,20,Commd8
1845.92,4264.2,NA,20,Wdr6
1810.68,4266.32,NA,20,Slitrk4
1935.72,4194.56,NA,20,Mgrn1
1971.4,3974.08,NA,20,Slc38a2
1893.68,4134.52,NA,20,Gphn
1839.24,3916.48,NA,20,Nr2f1
1638.52,4115.44,NA,20,Nr2f1
1881.4,4170.16,NA,20,Flrt2
1878.4,3906.8,NA,20,Enpp5
1844.96,4253.04,NA,20,R3hdm2
1972.36,4149.48,NA,20,Senp6
1894.36,4089.4,NA,20,Actr1a
1798.44,4083.92,NA,20,Actr1a
1871.84,4071.96,NA,20,Mtmr6
1827.24,3973,NA,20,Mtmr6
1784.16,4207.84,NA,20,Tcf20
1710.72,4211.08,NA,20,Tcf20
1899.04,4152.28,NA,20,Cntnap2
1852.2,3915.08,NA,20,Chid1
2008.04,4030.48,NA,20,Tmem33
1818.76,3979.08,NA,20,Tmx3
1886.2,4019.16,NA,20,Tprgl
1931.52,4140.84,NA,20,Tprgl
1907.08,4232.48,NA,20,Rere
1735.16,4103.64,NA,20,Asphd2
1895.56,4063.92,NA,20,Asphd2
1889.96,4175.08,NA,20,Vps13a
1849.84,4031.68,NA,20,Rnf220
1897.68,4101.48,NA,20,Psmd3
1860.88,4058,NA,20,Epdr1
1964.4,4154.16,NA,20,Slc25a23
1899.84,4149.2,NA,20,Slc25a23
1896.64,4240.04,NA,20,Dlat
1849.44,4068.32,NA,20,Dag1
1736.12,4187.84,NA,20,Pcdh7
1970.72,4168,NA,20,Pcdh7
1896.56,4107.36,NA,20,Pcdh7
1852.68,4268.08,NA,20,Zcchc14
1869.12,4152.44,NA,20,Nat14
1932.12,4141.64,NA,20,P4htm
1709.48,4167.48,NA,20,P4htm
1901.84,3910.28,NA,20,Nr2c2
1895.96,4108.6,NA,20,Ube4b
1858.12,3913.68,NA,20,Ubxn6
1842.36,4110.2,NA,20,Slu7
2010.6,3991.52,NA,20,Os9
1958.76,4056.84,NA,20,Ppm1a
1883.04,4114.16,NA,20,Sh2b1
1887.32,4122.32,NA,20,Gpatch11
2013.44,4024.36,NA,20,Gpatch11
1936.96,4163.56,NA,20,Dync2h1
1929.28,4161.84,NA,20,Pcdh8
1989.4,4027.12,NA,20,Abca2
1908.48,4120.4,NA,20,Abca2
1819.68,3955.12,NA,20,Cltb
1647.32,4111.56,NA,20,Cltb
1767.88,4030.2,NA,20,Cltb
1769.04,4070.04,NA,20,Srpk1
1849.64,4212.6,NA,20,Srpk1
1740.56,4100.36,NA,20,Ubp1
1718.24,4071.88,NA,20,Sptbn4
1774.52,4186.6,NA,20,Sptbn4
1812.2,4071.88,NA,20,Tpd52l2
1922.76,4224.48,NA,20,Rab11fip3
1946.88,4185.24,NA,20,Rab11fip3
1899.6,4042.56,NA,20,Ifngr2
1892.92,4226.52,NA,20,Ythdf1
1886.72,4154.32,NA,20,Gpd1l
1736.68,4062,NA,20,Zbtb4
2015.84,4137.68,NA,20,Zbtb4
1979.6,4005.36,NA,20,Gas6
1754.52,4062.84,NA,20,Enpp2
1898.44,4243.4,NA,20,Taf1
1864.68,4209.68,NA,20,Trappc5
1891.48,4237.72,NA,20,Abcf2
1930.72,4175.48,NA,20,Abcf2
1892.72,4241.12,NA,20,Abcf2
1715.84,4211.12,NA,20,Gtf3c1
1899.76,4225.68,NA,20,Csmd3
2008.68,4025.68,NA,20,Nova2
1828.2,3976.76,NA,20,Nova2
1876.2,4160.12,NA,20,Zcchc6
1880.4,4088.96,NA,20,Mdp1
1870.4,3920.32,NA,20,Zswim8
1910.68,3894.12,NA,20,Tulp4
1887.56,4205.6,NA,20,Tulp4
1808,4157.4,NA,20,Tulp4
1904.84,3947.24,NA,20,Tulp4
1846.64,4122.72,NA,20,Sqle
1928.08,4225.36,NA,20,Wipf2
1897.8,4174.32,NA,20,Stoml2
1928.68,4152.64,NA,20,Stoml2
1861.88,4127.44,NA,20,Pkp2
1865.8,3914.12,NA,20,Katnal1
2006.36,4028.68,NA,20,Katnal1
1889.28,3899.92,NA,20,Lrp8
1795.52,4004.36,NA,20,Ppp1r9b
1905.4,4082.52,NA,20,Ppp1r9b
1744.36,4109.24,NA,20,Tbk1
1934.8,4172.44,NA,20,Neurl1a
1859.92,4257.72,NA,20,Neurl1a
1930.68,4195.24,NA,20,Bcl7a
1791.08,4090.52,NA,20,Cyb561
1855.8,4247.56,NA,20,Fzr1
1887.08,4149.32,NA,20,Trim33
1777.88,4018.32,NA,20,Gpr155
1891.44,3951.72,NA,20,Bag6
1818.04,3977.56,NA,20,Dnajc3
1693.36,4188.44,NA,20,Angel2
1755.56,4226.12,NA,20,Chka
1876.88,4088.48,NA,20,Ostm1
1858.28,4264.12,NA,20,Dopey1
1730.28,4076.56,NA,20,Atg2b
1948.04,4167.6,NA,20,Ep300
1823.12,4101.64,NA,20,Sec61a1
1844.16,4112.76,NA,20,Pias1
1860.32,4033.4,NA,20,Xbp1
1916.96,4156.76,NA,20,Rbm22
1895.28,4228.48,NA,20,Abcf3
1947.24,4152.68,NA,20,Creb1
1985.68,4013.64,NA,20,Nptx2
2016.92,4007.08,NA,20,Mast4
1927.8,4211.96,NA,20,Ocrl
1805.68,4094.56,NA,20,Ocrl
1770.88,4089.2,NA,20,Tecpr2
1910.24,4193,NA,20,Ift172
1814.92,4204.76,NA,20,Btrc
1823,3988.64,NA,20,Trappc12
1870.6,4145.04,NA,20,Trappc12
1887.64,3949.4,NA,20,Ephb6
1873.96,4079.36,NA,20,Grm7
1894.92,4242.52,NA,20,Grm7
1878.44,4073.08,NA,20,Cask
1640.36,4117,NA,20,Cask
1912.32,4197.88,NA,20,Cask
1820.76,4264.12,NA,20,Flrt3
1911.4,4232.28,NA,20,Usf2
1905.48,4142.52,NA,20,Lrrc49
1887.4,4251.2,NA,20,Lrp6
1886.04,4165.6,NA,20,Jakmip1
1848.8,4077.04,NA,20,Nipa2
1825.8,4028.4,NA,20,Bbx
1774.12,4097.36,NA,20,Fxr2
1830.92,4272.36,NA,20,Fxr2
1911.44,4157.84,NA,20,Fxr2
1853.44,4114.96,NA,20,Phc2
1907.68,4148.36,NA,20,Phc2
1929.64,4158.16,NA,20,Abhd16a
2023.44,4002.88,NA,20,Fbxw5
1763.76,4068.72,NA,20,Lsm14a
1871.68,4073.48,NA,20,Npr3
1888.36,4257.6,NA,20,Armcx4
1837.76,4264.2,NA,20,Map7
1904.96,4211.68,NA,20,U2af2
1866.6,4247.76,NA,20,Tars
1875.08,4164.4,NA,20,Pikfyve
1869.56,4255.2,NA,20,Pef1
1877.4,4109.84,NA,20,Slit1
1772.84,4069.72,NA,20,Cacnb2
1899.28,4093.6,NA,20,Igf1r
1865,4245.32,NA,20,Myh9
1879,4121.8,NA,20,Dnaja3
1819.8,3957.08,NA,20,Gpn1
1868.04,4260.8,NA,20,Srebf2
1971.92,4155.8,NA,20,Srebf2
1913.32,4229.28,NA,20,Grin2a
1904.64,4153.8,NA,20,Hrh3
1825.28,3955.32,NA,20,Htr1a
1843.56,4111.96,NA,20,Cd3eap
1844.72,4065.44,NA,20,Abcg4
1847.28,4111.04,NA,20,Sfxn4
1918.28,4190.28,NA,20,Ddx41
1972.08,3979.2,NA,20,Vps11
1974.76,4149.88,NA,20,Sema7a
1845.88,4028.76,NA,20,Sema7a
1904.56,4085.48,NA,20,Papd5
1814.04,4271.12,NA,20,Cox10
1967.32,3978.56,NA,20,Sec22a
1902.48,4152.32,NA,20,Clk3
1916.08,4218.92,NA,20,Rbm33
1836.72,4157.76,NA,20,Nck2
1752.56,4112.6,NA,20,Rabepk
1850.12,4044.88,NA,20,Dnajc14
1848.56,4253.36,NA,20,Ncln
1810.52,4070.32,NA,20,Rprm
1758.92,4062.4,NA,20,Spns2
1892.04,4245.28,NA,20,Spns2
1919.6,4227.6,NA,20,Spns2
1827.52,4264.8,NA,20,Birc2
1764.32,4241.88,NA,20,Abcb8
1777.68,4078.36,NA,20,Sap30bp
1852.96,4113,NA,20,Gdap2
1846,4264.44,NA,20,Gdap2
1857.72,4251.36,NA,20,Atxn7
1908.24,4125.56,NA,20,Kif1c
1880.68,4158.88,NA,20,Pttg1ip
1709.52,4113.88,NA,20,Nav2
1877.16,4127.2,NA,20,Enox1
1873.6,4154.16,NA,20,Kcnq5
1887.04,4164.36,NA,20,Pdzd4
1843.84,4116.12,NA,20,Bysl
1802.16,4095.08,NA,20,Ubr7
1774.88,4188.88,NA,20,Phf12
1914.72,4227.76,NA,20,Scube1
1877.8,4167.64,NA,20,Dnpep
1875.92,4086.04,NA,20,Txnrd1
1773.84,4082.8,NA,20,Per2
1928.68,4220.36,NA,20,Utp14a
1844.68,4120.04,NA,20,Synj2
1890,4241.24,NA,20,Erlin2
1934.92,4202.48,NA,20,Ptprk
1830.4,4202.04,NA,20,Rgs8
1738.52,4069.28,NA,20,Rgs8
1900.52,4152.32,NA,20,Rgs8
1934.4,4152.16,NA,20,Nhsl1
1908.4,4166.48,NA,20,Hibadh
2001.88,4018.48,NA,20,Fam135b
1804.4,4089.6,NA,20,Kcnc1
1810.92,4091.52,NA,20,Zfp770
1911.88,4162.4,NA,20,Slc4a1ap
1988.68,4012.8,NA,20,Olfml2b
1841.24,3915.08,NA,20,Csnk1g2
1825.2,4096.4,NA,20,Csnk1g2
1827.04,4026.28,NA,20,Gosr1
1934.84,4158.08,NA,20,Tubgcp2
1883.36,4068.04,NA,20,Atmin
1910.84,4164.64,NA,20,Thnsl1
1887.44,4154.88,NA,20,Scrn3
1927.52,4119.96,NA,20,Irs2
1875.92,4088.12,NA,20,Mib2
1714.12,4072.16,NA,20,Fbxl6
1901.64,4086.68,NA,20,Gatsl2
1859.52,3908.72,NA,20,Rap1gap2
1974.56,3984,NA,20,Sntg1
1966.96,3972.32,NA,20,Usp42
1878.36,4107.8,NA,20,Nfx1
2025.48,4006.2,NA,20,Rundc1
1903.72,4229.96,NA,20,Irf2bp1
1814.2,4270.56,NA,20,Nup214
1801.24,4005.84,NA,20,Phf23
1875.92,4239.96,NA,20,Sergef
1898.52,3906.48,NA,20,Fads1
1913.88,4137.32,NA,20,Fads1
1971.08,3975.68,NA,20,Paxip1
1766.64,4243.92,NA,20,Bckdk
1873.24,4241.68,NA,20,Bckdk
1889.92,4169.76,NA,20,Tada3
1872.72,4143,NA,20,Kdm6a
1848.16,4251.44,NA,20,Inpp1
1766.08,4240.68,NA,20,Inpp1
1784.8,4211.44,NA,20,Naa40
1951.64,4148.68,NA,20,Icmt
1917.56,4234.24,NA,20,Rabgef1
1878.08,4161.64,NA,20,Slc30a1
1969,4146.32,NA,20,Kif21b
1983.16,4145.24,NA,20,Kif21b
1867.48,4079.24,NA,20,Abt1
1970.24,4147.24,NA,20,Kirrel3
1717.36,4067.44,NA,20,Abcc8
1883.04,4237.08,NA,20,Slc38a10
1885.84,4251.56,NA,20,Slc38a10
1894.92,4148.24,NA,20,Sirt7
1878,4113.2,NA,20,Mus81
1898.04,4165.84,NA,20,Taf9b
1934.16,4204.92,NA,20,Nif3l1
1908.32,4164.6,NA,20,Alkbh8
1873.28,4125.68,NA,20,Brpf1
1899.28,4109.56,NA,20,Dlk2
1879,4241.52,NA,20,Aldh6a1
1911.76,3948.32,NA,20,Ddit4
1961.6,4054.12,NA,20,Aqr
1766.24,4238.08,NA,20,Dars2
1845.28,4066.52,NA,20,Cstf1
1903.92,4157.44,NA,20,Sema6c
1764.16,4236.24,NA,20,Ip6k2
1731.76,4070.36,NA,20,Ip6k2
1920.48,4176.6,NA,20,Brf1
1962.56,4147.88,NA,20,Slc25a26
1760.84,4149.72,NA,20,Tmem150a
1890.28,4256.48,NA,20,Npy2r
1856.16,4111.44,NA,20,Ttll11
1738.96,4105.04,NA,20,Usp40
1967.12,4001.44,NA,20,Fbxw8
1851.92,3914.32,NA,20,Ttc9c
1817.48,4134.56,NA,20,Trib2
1732.08,4188.96,NA,20,Tpra1
1818.76,4078.04,NA,20,Rrp12
1967.84,3997.8,NA,20,Cyb561d1
1933.52,4198.48,NA,20,Fam217b
1906.84,4064.8,NA,20,Ciz1
1873.56,4062.96,NA,20,Sh3pxd2a
1713.24,4210.12,NA,20,Lmf1
1928.96,4203.92,NA,20,Sec24a
1939.84,4172.32,NA,20,Prmt3
1917,4221.48,NA,20,Slc9a9
1892.24,4241.96,NA,20,Tnks1bp1
1845.12,3912.16,NA,20,Cln8
1886.36,4243.24,NA,20,Apaf1
1890.72,4177.44,NA,20,Trub2
1875.16,4253.92,NA,20,Lrrk2
1978.32,3980.72,NA,20,Pcgf3
1771.36,4040.08,NA,20,Mllt1
1875.52,4091.16,NA,20,Pmm2
1729,4068.8,NA,20,Rreb1
1855.4,4102.08,NA,20,Stk11ip
1805.28,4026.68,NA,20,Golim4
1795.88,4040.28,NA,20,Golim4
1854.2,3915.2,NA,20,Tmem44
1968.68,3979.4,NA,20,Lnpep
1748.36,4051.36,NA,20,Lnpep
1848.04,3912.44,NA,20,Wwc1
1844.52,4064.24,NA,20,Wwc1
1890.04,4173.84,NA,20,Wwc1
1859.4,4057.56,NA,20,Pik3c2b
1935.68,4158.24,NA,20,Lrfn2
1910.24,4200.28,NA,20,Fmnl1
1758.64,4234.8,NA,20,Fmnl1
1848.28,4062.8,NA,20,Trmu
1925.4,4109.32,NA,20,Coro1a
1783.44,4248.88,NA,20,Coro1a
1822.72,3982.52,NA,20,Coro1a
1727.48,4073.52,NA,20,Wdr78
1746.64,4117.44,NA,20,Cuedc1
1987.28,4008.64,NA,20,Kdm4a
1838.28,4108.68,NA,20,Kdm4a
1874.36,4243.32,NA,20,Lrwd1
1818.48,3957.28,NA,20,Pik3cd
1834.24,4026.16,NA,20,Alg3
1949.88,4186.2,NA,20,Alg3
1770.56,4035.08,NA,20,Furin
1843,4113.8,NA,20,Trim11
1925.8,4229.52,NA,20,Mapk7
1861.8,4036.48,NA,20,Tmem97
2032.56,4004.24,NA,20,Sdc4
2026.76,4014.52,NA,20,Sdc4
1957,4145.44,NA,20,Kcnq3
1967.76,4149,NA,20,Mthfd1l
1900.2,3913.88,NA,20,Slc7a5
1812.56,4260.84,NA,20,Adra2a
1926,4212.6,NA,20,Unc119b
1893.36,3911.32,NA,20,Unc119b
1806.8,4265.04,NA,20,Ift140
1708.92,4208.04,NA,20,Gss
1899,3896.88,NA,20,Pard3
1648.8,4147.44,NA,20,Tdp1
1884.68,3898.88,NA,20,Tmem231
1970.04,3973.52,NA,20,Zgpat
1871.88,4131.68,NA,20,Crocc
1732.56,4074.64,NA,20,Crocc
1871.88,4112.44,NA,20,Nckap5
1643.36,4107.04,NA,20,Ddx51
1709.76,4205.72,NA,20,Ell
1897.72,4239.96,NA,20,Tstd2
1927.4,4150,NA,20,Tmem181b-ps
1849.36,4250.88,NA,20,Fkbp9
1875.48,4095.44,NA,20,Fkbp9
1715.28,4098.08,NA,20,Tbc1d30
1809.96,3979.4,NA,20,Tbc1d30
1822.8,3984.08,NA,20,Gtf3c5
1727.48,4076.04,NA,20,Gprin3
1846.96,4199.76,NA,20,Dact2
1874.92,3942.88,NA,20,Dact2
1735.68,4179.64,NA,20,R3hcc1
1822.96,3968.24,NA,20,Iglon5
1859.04,4037.8,NA,20,Dfna5
1857.84,4132.32,NA,20,Fance
1896.84,3901.96,NA,20,Fam198b
1919.36,4162.28,NA,20,P2rx4
1909.92,4126.04,NA,20,Rfx5
1814.72,3977.2,NA,20,Tbccd1
1930.4,4155.56,NA,20,Lix1l
1785.08,4170.84,NA,20,Chadl
1902.64,4143.88,NA,20,Dpyd
2003.96,4034.36,NA,20,Samd14
1844.8,4124.28,NA,20,Samd14
1847.6,4254.04,NA,20,Spry3
1825.2,3953.28,NA,20,Slc25a37
1734.24,4063.52,NA,20,Ilvbl
1907.08,4225,NA,20,Ccdc77
1903.16,3919.88,NA,20,Med26
1903.12,3911.12,NA,20,Med26
1775.8,4066.84,NA,20,Syngap1
1765.84,4243.12,NA,20,Syngap1
1895.24,4107.04,NA,20,Ppp2r1b
1957.76,3934.68,NA,20,Wdr91
1874.8,4080.6,NA,20,Eif4ebp2
1874.6,4079.64,NA,20,Rab27a
1822.6,3962.08,NA,20,Rbak
1849.96,4065.92,NA,20,Prom1
1937.52,4204.96,NA,20,Dock6
1813.88,4070.72,NA,20,Cnnm4
1819.8,3976.16,NA,20,Emp2
1818.56,3961.88,NA,20,Abhd4
1859.92,3914,NA,20,Abhd4
2036.72,4005.76,NA,20,Szrd1
1929.88,4203.48,NA,20,Scrib
1873.88,4156,NA,20,Scrib
1880.12,4094.28,NA,20,Scrib
1916.52,4227.12,NA,20,Aff1
1774.64,3994.24,NA,20,Ttyh2
1886.64,4241.28,NA,20,Homez
1771.04,4245.84,NA,20,Zfp787
1890.2,3914.04,NA,20,Zfp787
1890.6,4104.36,NA,20,Nup98
1928.2,4222.56,NA,20,Carhsp1
1978.04,4153.4,NA,20,Sfxn2
1768.8,4246.04,NA,20,Zhx3
1713.48,4210.04,NA,20,Tmem177
1884.52,3900.52,NA,20,Zdhhc15
1861.24,4088.76,NA,20,Tatdn2
1913.72,4115.52,NA,20,Dennd4c
1904.48,4228.04,NA,20,Pamr1
1768.4,4034.44,NA,20,Gpr75
1842.12,4095.28,NA,20,Grik1
1843.6,4088.4,NA,20,Grik1
1855.4,3914.6,NA,20,Jag2
1954.24,4051.36,NA,20,Brinp3
1895.96,4218.28,NA,20,Clgn
1893.72,3985.36,NA,20,Dap
1929.64,4196.4,NA,20,Poll
1848.12,4256.16,NA,20,Tldc1
1753.96,4237.96,NA,20,Hps1
1929.92,4198.12,NA,20,Trim62
1883.08,4159.52,NA,20,Has3
1781.28,4208.4,NA,20,Has3
1900.2,4228.4,NA,20,Has3
1982.48,4148.24,NA,20,Rin2
1928.24,4159.28,NA,20,Frmd5
1931.48,4205.68,NA,20,Zfp449
1881.44,4142.84,NA,20,Gsg1l
1858.04,4124.08,NA,20,Gsg1l
1945.32,4181.92,NA,20,Nfil3
2011.12,4020.52,NA,20,Sesn3
1861.08,4037.4,NA,20,Sesn3
1917.56,4180.4,NA,20,Nek7
1884.16,4165.96,NA,20,Dock11
1904.6,4224.4,NA,20,Tex9
1890.16,4243.04,NA,20,Sox10
1822.84,3980.6,NA,20,Zbtb40
1874.56,4109.68,NA,20,Pde11a
1851.08,4127.68,NA,20,Cry1
1972.48,3979.28,NA,20,Arsj
1943.08,4175.4,NA,20,Hlcs
1854.88,4109.48,NA,20,Hlcs
2000.48,4004.08,NA,20,Tshz1
1807.44,4064.84,NA,20,Kctd16
1849.84,4092.48,NA,20,Phf21b
1821.8,3983.48,NA,20,Sh2b3
1882.28,4147.72,NA,20,Peli2
1776.2,4186.72,NA,20,Peli2
1860.28,4139.36,NA,20,Stom
1820.48,4264.52,NA,20,Aldob
1911.28,4169.88,NA,20,Thbd
1873.16,4064.56,NA,20,Rffl
1824.48,3957.72,NA,20,Zscan29
1851.56,4069.8,NA,20,Klhl4
1968.24,4166,NA,20,Fzd2
1868.28,4078,NA,20,Adam8
1971.56,3990.2,NA,20,Phactr4
1882.6,4061.68,NA,20,Tekt1
1877.72,4140.56,NA,20,Egr3
1804.2,3973.04,NA,20,Egr3
1880.8,4233.28,NA,20,Egr3
1926.6,4226.32,NA,20,Adamts7
1780.52,4205.92,NA,20,Ttc12
1748.44,4167.2,NA,20,Mgat5
1888.8,4165.08,NA,20,Papss2
1862.56,4134.2,NA,20,Cenpo
1736.44,4070.48,NA,20,Cenpo
1846.36,3911.4,NA,20,Slc26a2
1927.52,4226.36,NA,20,Tap2
1889.48,4104.28,NA,20,Itga10
1811.64,4270.72,NA,20,Hvcn1
1969.16,3992.68,NA,20,Tcn2
1938.08,4204.36,NA,20,Racgap1
1929.12,4179.12,NA,20,Racgap1
1876.24,4090.96,NA,20,Nrl
1896.56,4103.68,NA,20,Shc1
1843.4,4098.92,NA,20,Kdelc2
1993.44,4015.04,NA,20,Gdf10
1843.12,4248.24,NA,20,Atp10d
1907.2,4128.72,NA,20,Atp10d
1898.56,4172.08,NA,20,Atp10d
1994.88,4009.8,NA,20,P2ry14
1733.28,4063.16,NA,20,Sema3d
2005.28,4028.92,NA,20,Gsap
1969,4021.04,NA,20,Lrp4
1910.84,4171.2,NA,20,Polh
1919.6,3914.12,NA,20,Efs
2036.92,4004.64,NA,20,Adora2b
1974.2,4000.92,NA,20,Adora2b
1920.32,4190.96,NA,20,Dnd1
2016.48,4001.04,NA,20,Abtb2
1883.84,4087.76,NA,20,Trip10
1869.76,4256.92,NA,20,Kdm4d
1966.88,4154.12,NA,20,Birc3
1752.48,4228.76,NA,20,Ptgfrn
1821.08,3976.96,NA,20,Naif1
1782.72,4211.4,NA,20,Col27a1
1894,4084.56,NA,20,Tmem196
1874.6,4128.24,NA,20,Madcam1
1854.08,4117.48,NA,20,Madcam1
1969.72,4167.08,NA,20,Gpr3
1875.88,4242.72,NA,20,Gpr153
2033.72,4009.6,NA,20,Tmem215
1895.6,4234.56,NA,20,Slfn5
1874.88,4246.6,NA,20,Adamts5
1873.36,4157.92,NA,20,Trim25
1760.04,4076.16,NA,20,Nynrin
1893.2,4168.88,NA,20,Wdfy4
1785.72,4249.44,NA,20,Wdfy4
1794.24,4183.12,NA,20,Cep128
1736.12,4190.6,NA,20,Il17rd
1871.8,4081.08,NA,20,Hsf5
2006.16,4035.08,NA,20,Mtfr1
1798.64,4005.6,NA,20,Rasgrp2
1871.36,4127.68,NA,20,Cdc6
1807.64,4261.12,NA,20,Map3k14
1870.24,4129.96,NA,20,Kntc1
1831.4,4261.92,NA,20,Ptgr1
1776.96,3995.4,NA,20,St6galnac2
1823.24,4269.08,NA,20,Nlrp6
1934.72,4151.2,NA,20,Cast
1911.72,4180,NA,20,Arhgap11a
1934.84,4184.44,NA,20,Apbb1ip
1875.52,4100,NA,20,Aass
1693.44,4175.12,NA,20,Ngb
1853.36,3908.12,NA,20,Ngb
1924.84,4211.56,NA,20,Ggt5
1862.96,4030.88,NA,20,Foxm1
1971.32,3986,NA,20,Rfx2
1983.16,4025.64,NA,20,Egfr
1872.44,4254.04,NA,20,Osr1
1849.12,4074.36,NA,20,Tdg
1864.28,4253.2,NA,20,Itpr3
1818.44,4273.04,NA,20,Gm2518
1978.2,4008.36,NA,20,Bank1
1769.8,4081.2,NA,20,Nup210l
1888.96,4257.48,NA,20,Nrm
1784.68,4201.8,NA,20,4933407e24rik
1826.32,4263.12,NA,20,Car5b
1963.92,4149.12,NA,20,Susd5
1918.08,4169.88,NA,20,Sncaip
1897.68,4088.88,NA,20,Col9a1
1878.36,4116.16,NA,20,Dok1
1644.16,4109.04,NA,20,Rd3
1930.2,4185.48,NA,20,Cd109
1896.12,4102.24,NA,20,Gypc
1972.32,4157.68,NA,20,Mamstr
1854.12,4080,NA,20,Tnfrsf10b
1841.56,4021.52,NA,20,Gbp3
1856.76,4090.24,NA,20,Cdk2
1936.16,4193.96,NA,20,Cdk2
1978.08,4151.76,NA,20,Klhl33
1811.76,4190.2,NA,20,Nlrp3
1847.92,4132.8,NA,20,Mastl
1817.8,3973.64,NA,20,Sh3d21
1928.84,4151.8,NA,20,Fhl3
1917.76,4227.96,NA,20,Ttll2
1841.96,4257.04,NA,20,Foxb1
1918.4,4198.88,NA,20,Tnip3
1814.56,4272.28,NA,20,Tnip3
1865.08,4140.16,NA,20,Tnip3
1966.72,3994.56,NA,20,St14
1893.68,4242.32,NA,20,Svep1
1832.32,4028.44,NA,20,Cenpi
1889.96,4254.16,NA,20,Cenpi
1780.72,4210.52,NA,20,Adamtsl3
1766.72,4236.72,NA,20,Fbxl13
1769.72,4038.92,NA,20,Cldn15
1845,4066.24,NA,20,Fgf23
1740.44,4069.88,NA,20,Fgf23
1864,4035.32,NA,20,Mybl1
1853.68,4264.36,NA,20,Kif18b
1944.28,4144.56,NA,20,Tmem51
1870.88,4150.16,NA,20,Sstr5
1892.28,4248.6,NA,20,Hoxa9
1860.28,3916.92,NA,20,Olfml3
1929.76,4144.84,NA,20,Slc28a1
1967.64,4158.84,NA,20,Asic4
1871.84,4145.84,NA,20,Tec
1785.4,4203.84,NA,20,Nlrc3
1876.36,4079.48,NA,20,Nlrc3
1846.84,4257.24,NA,20,Acer1
1932.72,4204.2,NA,20,Acer1
1888.96,4174.88,NA,20,Galr1
1859.8,4132.28,NA,20,Muc1
1893.4,4109.6,NA,20,Ptk6
1876.08,4239.56,NA,20,Ctse
1887.8,4140.12,NA,20,Lactbl1
1899.36,4147.68,NA,20,Muc5ac
1865.08,4131.12,NA,20,Dennd2d
1788.32,4201.72,NA,20,Tfap2c
1738.16,4061.72,NA,20,Nhs
1933.48,4155.92,NA,20,Efhb
1920.12,4223.48,NA,20,Slc44a4
1861,4131.44,NA,20,Gsdmcl-ps
1932.08,4151.64,NA,20,Wnt10b
1920.6,4219.28,NA,20,Actl10
1951.44,4187.6,NA,20,Cps1
1855.52,4066.04,NA,20,Dyrk4
1873.4,4105.32,NA,20,Dyrk4
1929.76,4176.2,NA,20,Gpr182
1722.04,4072.56,NA,20,Gbx2
1853.72,4130.52,NA,20,Tmem79
1840.96,4108.32,NA,20,Itih1
1722.44,4072.76,NA,20,Dok2
1931.92,4151.72,NA,20,Dok2
1878.48,4242.96,NA,20,Barhl2
1877.24,4240.64,NA,20,Dhh
1751.24,4073.88,NA,20,Smyd1
1912.48,4195.16,NA,20,Ano9
1893.52,4241.92,NA,20,Kcna5
1777.2,3992.48,NA,20,Slc5a8
1819.88,3980.84,NA,20,Slc9a3
1804.36,4087.96,NA,20,Dcst1
1825.36,4264.6,NA,20,Fshr
1771.8,4083.44,NA,20,Fshr
1852.44,4247,NA,20,Fshr
1873.88,4123.28,NA,20,Gpr152
1808.16,3986.48,NA,20,Slc13a2
1851.84,4243.56,NA,20,Catsper1
1916.88,4168,NA,20,Foxp3
1767.88,4043.04,NA,20,Lax1
1769.2,4245.64,NA,20,Lyg2
1845.12,4267.84,NA,20,Ppef2
1858.24,4039.44,NA,20,Svopl
1893.8,4160.68,NA,20,Pga5
1943.12,4188.6,NA,20,Card11
1944.76,4182.84,NA,20,Insm2
1917.4,4136.4,NA,20,Gfi1
1834.36,4110.8,NA,20,Epha1
1817.4,3967.68,NA,20,Hes3
1890.36,4141,NA,20,Hes3
1879.32,4160.8,NA,20,Oas3
1878.64,4239.88,NA,20,Oas3
1872.8,4160.48,NA,20,Lhx5
1921.72,4224.32,NA,20,Mrgprg
1915.16,4231.04,NA,20,Rnf183
1767.12,4076.32,NA,20,Sost
1903.36,4229.88,NA,20,Slfnl1
1819.76,3956.2,NA,20,Rspo4
1802,4087.48,NA,20,Trim14
1913.16,4189.6,NA,20,Il21r
1766.16,4079.56,NA,20,Mmp12
1974.64,4146.84,NA,20,Rgr
2036.96,4012.04,NA,20,Kmo
1733.04,4075.16,NA,20,Saa4
1729.32,4071.56,NA,20,Cyp4f39
1921.24,4187.6,NA,20,1700022a21rik
1861.48,4110.36,NA,20,5830417i10rik
1954.6,4173.84,NA,20,Aanat
1949.32,4162.2,NA,20,Abat
1936.48,4144.96,NA,20,Abca4
1900.16,4241.6,NA,20,Abcb7
1753.28,4231.2,NA,20,Abhd2
1848.96,4259.04,NA,20,Abl1
1993.16,4025.08,NA,20,Acat1
1911.36,4150.28,NA,20,Acat1
1821.92,4091,NA,20,Acot6
1814.76,4000.24,NA,20,Acox1
1993.84,4027.64,NA,20,Acox1
1899.92,4165.2,NA,20,Acsl5
1851.12,4091.2,NA,20,Adam11
1762.88,4058.64,NA,20,Adam11
1691.28,4110.32,NA,20,Adap1
1935.32,4185.72,NA,20,Adap1
1764,4229.28,NA,20,Adcy1
1816.12,4093.68,NA,20,Adcy1
1930.96,4223.08,NA,20,Agap2
1891.04,4152.12,NA,20,Agap2
1933.88,3936.4,NA,20,Agpat3
1758.36,4080.28,NA,20,Agpat3
1882.52,4255.4,NA,20,Aicda
1923.84,4196.48,NA,20,Ak5
1901.8,4068.32,NA,20,Akap5
1959.32,4145.72,NA,20,Alx3
1865.04,4078.36,NA,20,Ambra1
1729.84,4102.24,NA,20,Ambra1
1857.44,4073.36,NA,20,Amer1
1934.76,4226.32,NA,20,Ankrd50
1906.96,4156.88,NA,20,Anln
1897.88,4117.36,NA,20,Ano6
1879.72,4158.08,NA,20,Antxr1
1730.6,4080,NA,20,Antxr1
1770.88,4039.04,NA,20,Anxa6
1734.76,4076.16,NA,20,Aox1
1928.52,4208.2,NA,20,Ap2a2
1908.08,4235.64,NA,20,Ap3d1
1892.44,4248.84,NA,20,Aph1b
1807.76,4079.04,NA,20,Apmap
1761.24,4080,NA,20,Aqp4
1749.92,4058.96,NA,20,Arap1
1895.56,4230.28,NA,20,Arhgap26
1857.2,4135.28,NA,20,Arhgap31
2018.2,4024.56,NA,20,Arl8b
1782.48,4197.36,NA,20,Armc7
1756.84,4194.4,NA,20,Arnt2
1938.8,3938.32,NA,20,Arrdc1
1905.32,4119.32,NA,20,Asb2
1863.88,4251.52,NA,20,Asb7
1760.72,4162.16,NA,20,Asic1
1925.64,4223.6,NA,20,Asns
1871.6,4249.04,NA,20,Astn1
1926.96,4178,NA,20,Atf6
1827.24,3962.64,NA,20,Atg16l2
1904.92,4166.8,NA,20,Atg9a
1907.48,4163.24,NA,20,Atic
1818.44,4085.52,NA,20,Atp11a
1761.24,4072.96,NA,20,Atp4a
1814.6,4064.72,NA,20,Atp6v1b1
1913.12,4210.16,NA,20,Atrn
2014.44,4035.84,NA,20,Aurkb
2018.04,4025.88,NA,20,Axl
1853.12,4254.4,NA,20,B3galt2
1782.6,4011.12,NA,20,B3galt6
1783.64,4199.8,NA,20,B3gat1
1888.04,4113,NA,20,B4galt1
1878.8,4200.84,NA,20,Bach2
1927.4,4159.68,NA,20,Bap1
1901.4,4119.36,NA,20,Bbs10
1758.24,4077.48,NA,20,Bckdha
1840.76,4046,NA,20,Bend4
1854.4,4132.04,NA,20,Brf2
1780.52,4198.6,NA,20,Brpf3
1928,4167.68,NA,20,Brwd3
1908.92,4179.56,NA,20,Bsn
1920.36,3900.12,NA,20,Bsn
1738.04,4062.92,NA,20,Btd
1874.64,4095.08,NA,20,Bub3
1990.76,3992.04,NA,20,Bub3
1845.6,4217.64,NA,20,Cacna1c
1818.08,4266.12,NA,20,Cacna1g
1911.8,4155.12,NA,20,Cacng2
1907,4231.48,NA,20,Cacng2
1767.4,4033.08,NA,20,Camk1d
1862.76,4029.92,NA,20,Camkk1
1759,4075.28,NA,20,Capn15
1880.92,4151.4,NA,20,Capn2
1905.12,4033,NA,20,Car2
1908.24,4150.52,NA,20,Ccar2
1965.92,4031.08,NA,20,Ccdc126
1851.44,4083.88,NA,20,Ccdc146
1767.24,4249.28,NA,20,Ccdc17
2012.16,3996.32,NA,20,Ccdc51
1848.16,4251.04,NA,20,Ccdc92
1958.56,4158.92,NA,20,Cchcr1
2008.4,3997.88,NA,20,Cdc23
1946.68,4169.6,NA,20,Cdc25c
1837.2,4102.88,NA,20,Cdca5
1838.08,4098.88,NA,20,Cdk13
1812,4029,NA,20,Cdyl2
1805.68,4272.32,NA,20,Cebpz
1866.12,4136.52,NA,20,Cep104
1933.52,4121.76,NA,20,Cep170b
1783.04,4237.04,NA,20,Cep170b
1729.12,4078.04,NA,20,Cep350
1844.24,4260.68,NA,20,Cep350
1899.52,4118.72,NA,20,Cep85
1888.92,4246.6,NA,20,Chrm1
1844.28,4266.72,NA,20,Chrnd
1825,3981.4,NA,20,Chst10
1916.28,4213.2,NA,20,Chst2
1797.84,4089.88,NA,20,Cinp
1895.84,4240.04,NA,20,Cldn11
1892.12,4238.4,NA,20,Clec16a
1779.92,4189.64,NA,20,Clec16a
1862.96,4116.24,NA,20,Clip4
1869.08,4248.48,NA,20,Clip4
1870.52,4136.96,NA,20,Clip4
1911.32,4224.08,NA,20,Cmya5
1903.28,4243.08,NA,20,Cnot1
1906.24,4232.6,NA,20,Cnppd1
1852.16,4036.44,NA,20,Cnpy3
1860.56,4111.32,NA,20,Cntnap3
1936.72,4181.12,NA,20,Cog8
1842.96,4260.6,NA,20,Col12a1
1927.2,4194.92,NA,20,Col24a1
1894.96,4137.28,NA,20,Col4a3
1913.96,4232.28,NA,20,Col5a2
1939.8,4180.76,NA,20,Cpeb4
1894.44,4232.32,NA,20,Cpox
1863.6,4107.12,NA,20,Cpsf6
1901.36,4084.8,NA,20,Crim1
1914.88,4227.8,NA,20,Crlf1
1861.76,4120.44,NA,20,Crlf3
1904,4223.56,NA,20,Crot
1864.44,4129.8,NA,20,Crot
2010.2,3991.16,NA,20,Cs
1708.76,4070.16,NA,20,Csnk1g3
2009.52,4039.8,NA,20,Ctnnd2
1697.76,4121.04,NA,20,Ctnnd2
1930.4,4230,NA,20,Ctnnd2
1851.76,4261.32,NA,20,Ctps
1920.76,4215.44,NA,20,Ctsa
1901.8,4248.12,NA,20,Cux2
1862.28,4253.48,NA,20,Cyr61
1852.08,4127.12,NA,20,Cyth2
1725.84,4076.64,NA,20,Daam1
1910,3909.48,NA,20,Daxx
1853.76,4098,NA,20,Dbt
1917.68,4174.52,NA,20,Dcakd
1919.76,4107.8,NA,20,Dcakd
1925.28,4173,NA,20,Dcakd
1910.44,4177.32,NA,20,Ddost
1891.48,4252.76,NA,20,Depdc5
1850.76,4259.92,NA,20,Des
1761.08,4076.72,NA,20,Dhrs7b
1853.36,4216.44,NA,20,Diablo
1759.08,4172.12,NA,20,Dido1
1901.44,4132.48,NA,20,Diras2
1960.6,4150.32,NA,20,Diras2
1648.52,4101.04,NA,20,Dlgap3
1891.64,4100.6,NA,20,Dlgap3
1823.88,3980.56,NA,20,Dll1
1992.36,4026.48,NA,20,Dlx1
1734.88,4075.76,NA,20,Dnaic1
1910.2,4176.84,NA,20,Dnajb1
1814.52,4204.48,NA,20,Dnajb5
1934.36,4206.68,NA,20,Dpf1
1646.12,4106.08,NA,20,Dpf1
1733.56,4079.8,NA,20,Dsc1
1961.96,3979.56,NA,20,Dscam
1871.44,4144.2,NA,20,Dscam
1892.28,4139.8,NA,20,Dusp26
1773.32,4039.96,NA,20,Ect2l
1896.32,4102.48,NA,20,Eef2k
1898.96,4178.88,NA,20,Efcab12
1910.88,4239.76,NA,20,Efcab12
1787.28,4051.08,NA,20,Efr3b
1912.64,4228.64,NA,20,Ehd2
1894.6,4117.96,NA,20,Eif4h
1986.8,4176.4,NA,20,Emc3
1949.68,4181.16,NA,20,Emc3
1858.76,4129.92,NA,20,En2
1823.28,3982,NA,20,Enam
1863.68,4254.08,NA,20,Epn1
1896.96,4179.56,NA,20,Eral1
1889.8,4068.68,NA,20,Esrrb
1776.16,4013.4,NA,20,Ets1
1899.76,4252.76,NA,20,Exd1
1721,4217.28,NA,20,F2rl3
1901.88,4228.12,NA,20,F2rl3
1971.44,4155.08,NA,20,F8
1822.08,3979.48,NA,20,Fa2h
1858.72,4129.76,NA,20,Fam126b
2032.16,4013.6,NA,20,Fam189b
1816.52,4089.92,NA,20,Fam35a
1928.36,4202.4,NA,20,Fam53a
1850.68,4255.72,NA,20,Fam69a
1840.64,4093.64,NA,20,Fam78b
1875.36,4157.8,NA,20,Fam83e
1770.08,4033.36,NA,20,Fam83g
1910.92,4234.64,NA,20,Fbxl18
1718.28,4111.04,NA,20,Fbxl19
1882.6,4107.8,NA,20,Fbxl19
1657.16,4093.72,NA,20,Fbxl19
1819.48,4098.72,NA,20,Fbxl20
1896.24,4170.96,NA,20,Fbxl4
1856,4123.12,NA,20,Fbxo4
1932.28,4174.44,NA,20,Fbxo7
1756.72,4059.52,NA,20,Fcgrt
1759.48,4076.76,NA,20,Ffar2
1887.24,4172.28,NA,20,Fgd2
1889.84,4120.6,NA,20,Fhl1
1715.64,4213.24,NA,20,Fkbp8
1915.72,4189.24,NA,20,Fkbp8
1742.24,4227.44,NA,20,Fkbp8
1809.56,3957.92,NA,20,Flt1
1772.92,4033.52,NA,20,Flt1
1787.12,4002.36,NA,20,Flt1
1914.6,4228,NA,20,Flt3
1936.4,4199.16,NA,20,Frk
1661.76,4151.68,NA,20,Fut1
1867.52,4150.16,NA,20,Gabbr2
1810.44,4075.84,NA,20,Gabrd
1766.44,4242.72,NA,20,Galc
1747.88,4062.84,NA,20,Galm
1760.68,4071.76,NA,20,Gca
1906.6,4243.28,NA,20,Gckr
1708.08,4068.32,NA,20,Gckr
1859.04,4124.24,NA,20,Gdf6
1878.2,4249.16,NA,20,Gemin5
1653.64,4099.48,NA,20,Gfod2
1900.04,4117.48,NA,20,Glb1
1811.44,4082.8,NA,20,Gm597
1857.72,4102.2,NA,20,Gm597
1780.32,4247.76,NA,20,Gnai3
1939.6,4160,NA,20,Gnb1l
1654.48,4120.36,NA,20,Gng3
1871.08,4145.72,NA,20,Gng4
1924.12,4131.04,NA,20,Golga7b
1759.36,4075.8,NA,20,Golph3
1875.28,4156.2,NA,20,Gpa33
1742.76,4107.96,NA,20,Gpkow
1870.24,4150.88,NA,20,Gprc5c
1840.76,4098.72,NA,20,Grik3
1898.56,4126.68,NA,20,Grxcr2
1898.12,4246.32,NA,20,Gsdmd
1857.96,4112.96,NA,20,Gsdmd
2015.84,4015.76,NA,20,Gsn
1816.68,4131.24,NA,20,Gtf2f1
1833.72,4102.52,NA,20,Gtf2f1
1744.52,4076.4,NA,20,Gtf2h3
1945.04,4161.48,NA,20,Hadha
1812.08,4065.2,NA,20,Hcrtr1
1827.76,3977.52,NA,20,Hdac9
1866.64,4034.96,NA,20,Hfe2
1873.52,4144.32,NA,20,Hhipl2
1979.48,3976,NA,20,Hmgcr
1766.64,4077.76,NA,20,Hoxc6
1952.8,4174.24,NA,20,Hyal6
1817.2,4191.6,NA,20,Ide
1880.72,4121.28,NA,20,Idh3a
1720.36,4109.8,NA,20,Idh3a
1861.64,4029.92,NA,20,Igfbp3
1890.52,4239.16,NA,20,Il10ra
1780.32,4255.88,NA,20,Ildr1
1909.28,4237.28,NA,20,Impact
1890,4154.16,NA,20,Inf2
1863.44,4067.84,NA,20,Ing1
1898.64,4129.92,NA,20,Inhbc
1895.28,4127.64,NA,20,Ints1
1941.2,4181.88,NA,20,Ipo8
1860.36,4134.72,NA,20,Itga11
1834,4034.68,NA,20,Itgal
1839.24,4267.92,NA,20,Itgam
1732.68,4073.76,NA,20,Josd1
1823.12,4082.96,NA,20,Kank3
1903.2,4224.08,NA,20,Kank3
1829.32,3978.48,NA,20,Kansl1
1731.12,4064.84,NA,20,Kcnb1
1898.72,4254.48,NA,20,Kcnj16
1845.44,4115.8,NA,20,Kcnj3
1905.96,4115.6,NA,20,Kcnj9
1832.88,4102.4,NA,20,Kcnt1
1751.24,4115.2,NA,20,Kctd17
1907.8,4108.56,NA,20,Khsrp
1826.8,4093.68,NA,20,Kif26b
1819.56,4081.08,NA,20,Klhdc10
1951.24,4165.76,NA,20,Klhl32
1793.36,4085.52,NA,20,Kpna1
1909.36,4158.16,NA,20,Kpna3
1755.88,4044.76,NA,20,Krt76
1932.72,4123,NA,20,Ldoc1l
1857.32,4099.2,NA,20,Lef1
1898.96,4262.08,NA,20,Letm1
1858.28,4264,NA,20,Lgals12
1912.44,4229.88,NA,20,Lmtk3
1872.24,4143.8,NA,20,Lonp2
1897.24,4254.24,NA,20,Lpcat3
1873.2,4255.44,NA,20,Lrit1
2017,4011.92,NA,20,Lrrc25
1655.8,4094.28,NA,20,Lrrc3b
1967.36,4156.4,NA,20,Lrrc42
1892.76,4125.6,NA,20,Lzts1
1899.4,4247.92,NA,20,M1ap
2012,3993.04,NA,20,Mamld1
1838.2,4106.4,NA,20,Mamld1
1916.08,4230.84,NA,20,Manf
1893.96,4132.32,NA,20,Manf
1952.6,4158.76,NA,20,Mapk12
1896.48,4260.48,NA,20,Mas1
1768.68,4077.4,NA,20,Maz
1873.92,4249.44,NA,20,Mbnl3
1731.92,4067.4,NA,20,Mbtps2
1890.2,4073.96,NA,20,Mc3r
1750.28,4236.44,NA,20,Med22
1819.16,4088.96,NA,20,Med24
1665.44,4151.72,NA,20,Med24
2024.92,4027,NA,20,Med24
1838.32,3931.96,NA,20,Med25
1935.64,3936.12,NA,20,Mkx
1843.48,4089.2,NA,20,Mllt6
1875.92,4253.88,NA,20,Mmp16
1849,4077.48,NA,20,Mmp2
1940,4189.96,NA,20,Mmp20
1930.04,4227.28,NA,20,Mnat1
1849.64,4185.92,NA,20,Morc2a
1882.52,3900.76,NA,20,Mpg
1906,4093.56,NA,20,Mpp3
1854.6,4238.16,NA,20,Mpped1
1822.52,4269.68,NA,20,Mroh4
1930.16,4206.88,NA,20,Msl3l2
1766.8,4060.4,NA,20,Mst1
1859.48,4246.28,NA,20,Mtch2
1890.4,4151.76,NA,20,Mthfd2l
1799.88,4088.56,NA,20,Mtor
1856.16,4124.44,NA,20,Mycn
1848.48,4123.84,NA,20,Myg1
1890.6,4100.16,NA,20,Myh14
1902.32,4210.52,NA,20,Myh14
1902.28,4242.2,NA,20,Myo5b
1734.08,4138.28,NA,20,Myo9b
1911.68,4158.16,NA,20,Mypop
1806.8,3980,NA,20,N4bp2l1
1975.72,3998.96,NA,20,Naaa
1822.92,3964.48,NA,20,Nadk
1810.48,4065.6,NA,20,Nagpa
1890.72,4232.44,NA,20,Nap1l5
1931.92,4216.56,NA,20,Ncoa5
1651.44,4100.4,NA,20,Ncor2
1741.6,4078.8,NA,20,Ncor2
1923,4231.92,NA,20,Ndc1
1856.92,4264.36,NA,20,Nek9
1879.8,4248.32,NA,20,Nelfcd
1849.68,4071.56,NA,20,Nhlrc2
1814.12,4184.72,NA,20,Nin
1831.68,4147.8,NA,20,Nkapl
1893.4,4257.64,NA,20,Nln
1836.28,4097.44,NA,20,Nnt
1809.48,3977.84,NA,20,Nod1
1939.08,4175.36,NA,20,Nphs2
1649.32,4096.68,NA,20,Nprl3
1882.32,4236.56,NA,20,Nptxr
1792.4,4087.6,NA,20,Nptxr
1928.36,4184.68,NA,20,Nptxr
1851.96,4091.52,NA,20,Nptxr
1936.64,4225.8,NA,20,Nptxr
1949.36,4161.56,NA,20,Nsmaf
1796.24,4082.76,NA,20,Nubp1
1906.68,4203.6,NA,20,Nudt16
1895.12,4135.72,NA,20,Numb
1956.2,4171.84,NA,20,Nup153
1903.04,4202.16,NA,20,Nupl1
1857.52,4095.36,NA,20,Nxf1
1989.8,4009.76,NA,20,Nxf1
1934.68,4178.52,NA,20,Nxph4
1899.48,4101.12,NA,20,Ogg1
1779.56,4252.48,NA,20,Otop1
1886.92,3906.64,NA,20,Oxa1l
1822.8,4265.64,NA,20,Pabpc1l
1898.88,4101.8,NA,20,Pappa
1776.28,4015.52,NA,20,Paqr7
1883.12,4126.04,NA,20,Parp9
1835.84,4098.76,NA,20,Patl2
1934.56,4222.12,NA,20,Pax1
1968.32,3996.44,NA,20,Pcbp1
1955.32,4176.72,NA,20,Pcbp4
1902.4,4203.72,NA,20,Pcbp4
1909.04,4227.2,NA,20,Pcnx
1894.44,4137.96,NA,20,Pcnx
1923.04,4161.8,NA,20,Pex12
1998.04,3989.52,NA,20,Pfkm
1906.64,4087.6,NA,20,Pfkm
1865.52,4031.32,NA,20,Pfkm
1937.92,4204.92,NA,20,Phf11d
1756.36,4165.08,NA,20,Phf20l1
1869.84,4091.84,NA,20,Phyhip
1911.88,4165.8,NA,20,Phyhip
1908.72,4094.44,NA,20,Phyhip
1949.12,4175.36,NA,20,Phyhip
1884.44,4250.08,NA,20,Pi16
1878.04,4069.08,NA,20,Pias4
1844.16,4077.76,NA,20,Piga
1857.44,4271.28,NA,20,Pik3r1
1889.8,4110.12,NA,20,Pip5kl1
1867.68,4109.44,NA,20,Pkd2
1922.48,4160.88,NA,20,Pkhd1
1843.24,4099.12,NA,20,Pknox2
1920.8,4164.84,NA,20,Pkp4
1832.68,4032.84,NA,20,Plcd3
1882.2,4115.92,NA,20,Plcl2
1858.12,4132.56,NA,20,Plk4
1814.76,4035.36,NA,20,Plscr3
1921.12,4229.76,NA,20,Plscr3
1724.68,4193.68,NA,20,Pnmal1
1911.36,4166.96,NA,20,Poc1b
1907.04,4162.28,NA,20,Podxl
1859.44,4071.6,NA,20,Pomk
1912.28,4158.16,NA,20,Pomk
1806.64,3978.44,NA,20,Popdc3
1930.36,4156.2,NA,20,Ppfia3
1747.44,4115.28,NA,20,Ppfia3
1856.72,4100.32,NA,20,Ppfia3
1773.56,4038.12,NA,20,Ppm1f
1913.84,4099.92,NA,20,Ppp1ca
1753.08,4238.16,NA,20,Ppp1r12a
1792.72,4033.36,NA,20,Ppp1r12c
1921.64,4240.64,NA,20,Ppp1r12c
1769.44,4184.8,NA,20,Ppp1r12c
1872.48,4156.48,NA,20,Ppp2r5d
1909.48,4238.48,NA,20,Ppp2r5d
1852.72,4121.88,NA,20,Ppp5c
1855.68,4090.24,NA,20,Prdm2
1885.48,4121.12,NA,20,Prdm8
1896.04,4072.92,NA,20,Prkacb
1912.56,3945.44,NA,20,Prkacb
1846.92,4125.4,NA,20,Prkacb
1837.04,4095,NA,20,Prkag3
1765.12,4241.28,NA,20,Prkcg
1853.08,4267.76,NA,20,Prr12
1922.76,4149.6,NA,20,Prrc2a
1912.8,4144.96,NA,20,Psd2
1992.36,4026.76,NA,20,Psd2
1859.96,4039.88,NA,20,Pskh1
1888.92,4244.84,NA,20,Ptger2
1887.52,4259.8,NA,20,Ptger4
1927.4,4226,NA,20,Ptpn7
1936,4207.04,NA,20,Pxn
1741.68,4112.64,NA,20,Qrsl1
1769.2,4061.6,NA,20,Qsox2
1822.76,4094.88,NA,20,Rab11fip1
1826.4,4101.64,NA,20,Rab11fip1
1948.04,4170.92,NA,20,Rab30
1855.24,4253.52,NA,20,Rab8a
1837.44,4030.04,NA,20,Rapsn
1898.88,4151.76,NA,20,Rasal3
1922.56,4222.72,NA,20,Rassf7
1934.48,4199.04,NA,20,Rbm26
1824.32,4086.64,NA,20,Rbm47
1898,4178.56,NA,20,Rbp3
1921.36,4236.68,NA,20,Rc3h2
1881.08,4257.56,NA,20,Rcbtb2
1668.8,4091.88,NA,20,Rdh13
1900.6,4118.52,NA,20,Redrum
1903.08,4237.64,NA,20,Rell1
1933.76,3941.32,NA,20,Rfng
1996.92,4008.52,NA,20,Rgl3
1905.32,4207.08,NA,20,Rgma
2000.04,4021.64,NA,20,Rgs12
2019.6,4017.24,NA,20,Rhog
1780.6,3984.92,NA,20,Ripk3
1759.28,4076.24,NA,20,Rit1
1778.24,4195.96,NA,20,Rit1
1937.56,4190.52,NA,20,Rnf144a
1899,4234.44,NA,20,Rnf144b
1865.64,4251.68,NA,20,Rnf167
1781.64,4196.4,NA,20,Rnf169
1860.76,4031,NA,20,Rnf185
1806.48,4009.48,NA,20,Rnf20
1864.08,4136.8,NA,20,Rnf208
1857.2,4092.24,NA,20,Rnf215
1904.84,4157.12,NA,20,Rnf43
1856.28,4067.56,NA,20,Rnpep
1649.04,4109.52,NA,20,Rp1l1
1853.56,4081.72,NA,20,Rp1l1
1931.2,4213.84,NA,20,Rpa1
1720.32,4111.52,NA,20,Rpl7l1
1854.52,4070.2,NA,20,Rrnad1
1921.6,4240.4,NA,20,Rsf1
1889.92,4258.4,NA,20,Rtn4r
1717.6,4190.44,NA,20,Rtn4r
1903.72,4109.56,NA,20,Rundc3a
1846.68,4099.08,NA,20,Saal1
2035.56,3989.4,NA,20,Samm50
1943.28,4175.08,NA,20,Samm50
1775.84,4042.44,NA,20,Sbf1
1930.28,4214.44,NA,20,Scml2
2040.4,3999.8,NA,20,Scnn1b
1900.96,4156.96,NA,20,Sec24d
1759.96,4079.64,NA,20,Sephs1
1756.48,4117.84,NA,20,Serf2
1883.64,4073.52,NA,20,Serpina1f
1910.88,4240.48,NA,20,Serpine1
1905.72,4039.32,NA,20,Setd1b
2010.84,4013.08,NA,20,Setd1b
1790.4,4080.92,NA,20,Sfswap
2008.84,4013.08,NA,20,Sgce
1820.04,3998.32,NA,20,Shank1
1968.56,4153.8,NA,20,Shank1
1793,4209.04,NA,20,Shank1
1823.76,4087.04,NA,20,Shank1
1836.84,4041.64,NA,20,Shank1
1805.76,4085.24,NA,20,Shc2
1882.96,4113,NA,20,Shc3
1893.76,4241.04,NA,20,Shisa2
1825.8,4086.96,NA,20,Shroom2
1930.68,4220.88,NA,20,Skiv2l2
1891.68,4114.08,NA,20,Slc13a3
1883.68,4150.92,NA,20,Slc13a3
1826,3976.64,NA,20,Slc15a5
1853.08,4203.36,NA,20,Slc25a44
1863.84,4034.68,NA,20,Slc25a46
1903.4,4206.08,NA,20,Slc25a47
1912.32,4136.28,NA,20,Slc35b4
1839.28,3980.52,NA,20,Slc35e3
1920.4,4161.2,NA,20,Slc38a4
1857.8,4251.32,NA,20,Slc38a7
1854.36,4080.56,NA,20,Slc39a12
1849.08,4260.92,NA,20,Slc4a1
1940.68,4216.76,NA,20,Slc4a8
1917.84,4233.52,NA,20,Slc52a2
1742.4,4075.64,NA,20,Slc5a11
1919.48,4228.56,NA,20,Slc5a2
1891.36,4112.12,NA,20,Slc5a6
1919.04,4186.68,NA,20,Slc7a9
1878.96,4241.76,NA,20,Slc7a9
1804.08,3978.04,NA,20,Slco4a1
1909.88,4212.56,NA,20,Smad2
1875.24,4155.12,NA,20,Smarcb1
1808.32,3982.08,NA,20,Smarcc1
1828.2,3934.36,NA,20,Smarce1
1758.92,4082.16,NA,20,Smc3
1814.88,4268.72,NA,20,Smim7
1771.2,4245.64,NA,20,Smo
1845.64,4257.08,NA,20,Smpd4
1846.44,4114.32,NA,20,Snrk
1903.16,4233.64,NA,20,Snrk
1859.6,4253.64,NA,20,Snrnp200
1852.04,4257.56,NA,20,Snx33
1904.68,4125.32,NA,20,Soat2
1734.64,4077.76,NA,20,Socs7
1755.6,4079.24,NA,20,Soga3
1882.44,3918.56,NA,20,Soga3
1934.92,4122.68,NA,20,Sox13
1912.04,4168.88,NA,20,Sox7
1854.92,4271.16,NA,20,Spesp1
1913.4,4124.08,NA,20,Srbd1
2010.88,4010.56,NA,20,Srf
1925.68,4164.68,NA,20,Srf
1888.88,4178.48,NA,20,Sstr4
1852.6,4126.32,NA,20,St3gal5
1831.44,3977.52,NA,20,Stk32c
1890.36,4155.16,NA,20,Stk32c
1991.8,4014.56,NA,20,Stk38l
1764.12,4230.8,NA,20,Stoml1
1849.4,4067.64,NA,20,Stoml1
1894.68,4245.8,NA,20,Strap
1871.8,4141.6,NA,20,Stt3a
1742.88,4114.4,NA,20,Stxbp1
1912.48,4180.24,NA,20,Stxbp1
1927.68,4158.56,NA,20,Stxbp1
1758.84,4026.32,NA,20,Sult4a1
1839.44,4047.16,NA,20,Surf4
1921.6,3897.8,NA,20,Susd4
1895.88,4246.84,NA,20,Sycp2
1909.2,4228.6,NA,20,Syde2
1953.6,4154.04,NA,20,Sync
1931.12,4196.16,NA,20,Synpo
1908.8,4128.92,NA,20,Sypl
1808.92,4062.36,NA,20,Tacc2
1810.92,4269.52,NA,20,Taf8
1895.72,4238.6,NA,20,Tbc1d10a
1824.72,4086.2,NA,20,Tbc1d16
1858.08,4094.56,NA,20,Tbx19
1856.84,4126.48,NA,20,Tcf23
1899.72,4223.88,NA,20,Tctn1
1885.64,3906.12,NA,20,Tekt2
1857.12,4141.04,NA,20,Tenm3
1650.44,4108.64,NA,20,Terf2ip
1838.92,3932.52,NA,20,Tfe3
1929.76,4221.6,NA,20,Tfip11
2023.24,4035.88,NA,20,Tgfb2
1921.32,4215,NA,20,Tgfbr1
1807.44,3973.76,NA,20,Th
1900.48,4239.48,NA,20,Thbs4
1727.44,4063.56,NA,20,Thrb
1879.8,4251.4,NA,20,Tiam2
1935.76,4200.52,NA,20,Tirap
1870.4,4254.6,NA,20,Tm7sf3
1894.2,4120.48,NA,20,Tmem101
1919,3908.88,NA,20,Tmem259
1887.68,4014.48,NA,20,Tmem259
1910.4,4229.24,NA,20,Tmem260
1782.92,4195.44,NA,20,Tmem50b
1971,4010.12,NA,20,Tnik
1895.4,4256.92,NA,20,Tnk1
1850.4,4248.04,NA,20,Tox4
1919.64,4212.16,NA,20,Trak1
1893.96,4157.6,NA,20,Trappc10
1876.44,4255.52,NA,20,Trim17
1891.92,4073.56,NA,20,Trim28
1963.24,4028.12,NA,20,Trim35
1819.64,4270.12,NA,20,Trim8
1770.56,4239.44,NA,20,Trim9
1815.12,4188.08,NA,20,Trim9
1778.24,4236.2,NA,20,Trim9
1968.88,4153.96,NA,20,Tspan11
1817.36,4095.72,NA,20,Tspan14
1774.08,4076.2,NA,20,Tspan5
1848.24,4028.08,NA,20,Tssc1
1816.8,4162,NA,20,Tssc1
1910.72,3898.76,NA,20,Ttc7b
1826.48,4160,NA,20,Ttc7b
1943.96,4197.76,NA,20,Tubb4a
1648.28,4106.36,NA,20,Tubb4a
1859.84,4104.12,NA,20,Tubb4a
1883,4067.04,NA,20,Ubald1
1888.4,4064,NA,20,Ubald1
1942.04,4212.48,NA,20,Ubqln1
1900.2,4084.96,NA,20,Ubtd2
1930,4140.6,NA,20,Ugdh
2000.64,4018.32,NA,20,Unc13d
1911.72,4159.48,NA,20,Unc5b
1942.44,4187.04,NA,20,Ung
1914.8,4205.04,NA,20,Ung
1846,4263.64,NA,20,Usp11
1823.32,4269.36,NA,20,Usp14
1913.64,4204,NA,20,Usp18
1873.8,4148.64,NA,20,Usp18
1843.64,4025.48,NA,20,Uvssa
1717.12,4217.28,NA,20,Vat1
1931.32,4191.68,NA,20,Vav2
1929.92,4139.12,NA,20,Vgf
1822.56,3981.2,NA,20,Vmac
1861.28,4037.28,NA,20,Vps26a
1714.44,4209.12,NA,20,Vps37c
1937.32,4182.56,NA,20,Vsx2
1898.24,4155.2,NA,20,Wars
1925.52,4221.76,NA,20,Wars
1905.04,4031.16,NA,20,Wars
1935.28,4219.96,NA,20,Wdr13
1735.52,4076.88,NA,20,Wdr13
1929.72,4183.08,NA,20,Wdr31
1797.76,4270.68,NA,20,Wdr46
2018.88,4010.96,NA,20,Wdr60
1897.84,4102.8,NA,20,Wisp2
1872.52,4256.32,NA,20,Wisp2
1741.44,4075.08,NA,20,Wiz
1839.28,4105.56,NA,20,Wnt11
1729.44,4065.24,NA,20,Wnt2
1854.48,4074.2,NA,20,Wnt2b
1988.32,4003.16,NA,20,Wnt6
1818.2,4269.92,NA,20,Wwc2
1907.76,4230.08,NA,20,Xrcc3
1955.16,4160.52,NA,20,Xylt1
1805.4,4271.36,NA,20,Xylt1
1870.4,4109.04,NA,20,Ybey
1922.84,4212.28,NA,20,Zbtb2
1883.6,4075,NA,20,Zc3hav1l
1827.88,4090.88,NA,20,Zfand3
1933.12,4142.52,NA,20,Zfand4
1764.72,4078.76,NA,20,Zfp106
1891.2,4240.16,NA,20,Zfp157
1924.6,4178.96,NA,20,Zfp174
1881.52,4205.24,NA,20,Zfp202
1943.56,4194.76,NA,20,Zfp281
1921.04,4205.84,NA,20,Zfp397
1847.36,4118.84,NA,20,Zfp608
1780.16,4194.2,NA,20,Zfp648
1890.96,4179.32,NA,20,Zfp689
1849.96,4082.36,NA,20,Zfp746
1849.64,4243.2,NA,20,Zfp773
1786.2,4199.12,NA,20,Zfp775
1909.08,4163.96,NA,20,Zim1
1892.08,4252.28,NA,20,Zim1
